{
  "tag": "mse5_probe",
  "mode": "full_qat",
  "base": "int8",
  "dtype": "fp32",
  "loss": "mse5",
  "lr": 1e-05,
  "neartie": false,
  "init_rrank": 0.8121101931585022,
  "final_rrank": 1.0454896100496853,
  "best_rrank": 0.8121101931585022,
  "hist": [
    {
      "step": 0,
      "rrank": 0.8121101931585022,
      "frac0": 0.8520908004778972
    },
    {
      "step": 20,
      "loss": 1.0286344289779663,
      "rrank": 0.9680424608073562,
      "frac0": 0.8261648745519713
    },
    {
      "step": 40,
      "loss": 0.4832398295402527,
      "rrank": 1.0009399080785244,
      "frac0": 0.8193548387096774
    },
    {
      "step": 60,
      "loss": 0.4095229506492615,
      "rrank": 1.0454896100496853,
      "frac0": 0.8096774193548387
    }
  ]
}