{
  "tag": "probe",
  "mode": "full_qat",
  "base": "int8",
  "loss": "topk_kl",
  "lr": 0.0001,
  "neartie": false,
  "init_rrank": 0.7980651075610109,
  "final_rrank": 2.764876015115214,
  "best_rrank": 0.7980651075610109,
  "hist": [
    {
      "step": 0,
      "rrank": 0.7980651075610109,
      "frac0": 0.860395584176633
    },
    {
      "step": 12,
      "loss": 0.49862927198410034,
      "rrank": 2.764876015115214,
      "frac0": 0.5361085556577737
    }
  ]
}