{
  "ALL_fp8(=M_q)": 0.3826333224478327,
  "ALL_exact(sanity)": -0.0,
  "attn(q,k,v,o)": 0.3945031431017721,
  "mlp(gate,up,down)": 0.3744966860251952,
  "type:q_proj": 0.37104182929415913,
  "type:k_proj": 0.3843238122116875,
  "type:v_proj": 0.37932968044280013,
  "type:o_proj": 0.38759377657231653,
  "type:gate_proj": 0.39330429445797055,
  "type:up_proj": 0.37626189147580924,
  "type:down_proj": 0.3768127092369114,
  "layer:0": 0.3782075654986848,
  "layer:1": 0.38412238101472274,
  "layer:2": 0.36968393603722866,
  "layer:3": 0.37291232494206245,
  "layer:4": 0.3654095307732173,
  "layer:5": 0.35498786277271316,
  "layer:6": 0.3456905290955979,
  "layer:7": 0.3505224429873841,
  "layer:8": 0.3456650166625002,
  "layer:9": 0.3416298494698554,
  "layer:10": 0.3161948133443133,
  "layer:11": 0.31877892582791056,
  "layer:12": 0.3095141480313282,
  "layer:13": 0.3028407962663036,
  "layer:14": 0.30715756326502536,
  "layer:15": 0.2943860555010418,
  "layer:16": 0.2701392350372213,
  "layer:17": 0.26422152958377737,
  "layer:18": 0.2573749286341136,
  "layer:19": 0.24998993747192466,
  "layer:20": 0.23746602656832314,
  "layer:21": 0.21022098549053383,
  "layer:22": 0.1982589385781279,
  "layer:23": 0.1281294635960251
}